<?xml version="1.0" encoding="utf-8" ?>
<dwsync>
<file name="102877-3d-glossy-green-orb-icon-alphanumeric-back-slash.png" server="E:/Apache Software Foundation/Tomcat 8.0/webapps" local="130798619230000000" remote="130798619230000000" Dst="0" />
<file name="102877-3d-glossy-green-orb-icon-alphanumeric-back-slash.png" server="E:/Apache Software Foundation/Tomcat 8.0.15/webapps" local="130798619230000000" remote="130798619230000000" Dst="0" />
<file name="102877-3d-glossy-green-orb-icon-alphanumeric-back-slash.png" server="E:/Apache Software Foundation/Tomcat 8.0.15/webapps/STP 2015 Project" local="130798619230000000" remote="130798619230000000" Dst="0" />
<file name="102877-3d-glossy-green-orb-icon-alphanumeric-back-slash.png" server="E:/Apache Software Foundation/Tomcat 8.0.15/webapps/STP_2015_Project" local="130798619230000000" remote="130798619230000000" Dst="0" />
<file name="102877-3d-glossy-green-orb-icon-alphanumeric-back-slash.png" server="E:/Apache Software Foundation/Tomcat 8.0.21" local="130798619230000000" remote="130798619230000000" Dst="0" />
<file name="102877-3d-glossy-green-orb-icon-alphanumeric-back-slash.png" server="E:/Apache Software Foundation/Tomcat 8.0.21/webapps/STP_2015_Project/" local="130798663192085352" remote="130798663190000000" Dst="0" />
<file name="Backslash_transparent.png" server="E:/Apache Software Foundation/Tomcat 8.0.21/webapps/STP_2015_Project/" local="130798658819505255" remote="130798658810000000" Dst="0" />
<file name="Backslash_transparent-2.png" server="E:/Apache Software Foundation/Tomcat 8.0.21/webapps/STP_2015_Project/" local="130798660820000000" remote="130798660820000000" Dst="0" />
<file name="Backslash_transparent-3.png" server="E:/Apache Software Foundation/Tomcat 8.0.21/webapps/STP_2015_Project/" local="130798695606989598" remote="130798695600000000" Dst="0" />
<file name="backslash-logo-thumb.png" server="E:/Apache Software Foundation/Tomcat 8.0.21/webapps/STP_2015_Project/" local="130798777855328658" remote="130798777850000000" Dst="0" />
<file name="Backslash_transparent-thumb.png" server="E:/Apache Software Foundation/Tomcat 8.0.21/webapps/STP_2015_Project/" local="130798781033416631" remote="130798781030000000" Dst="0" />
</dwsync>