<?xml version="1.0"?>
<!DOCTYPE hibernate-mapping PUBLIC "-//Hibernate/Hibernate Mapping DTD 3.0//EN"
"http://www.hibernate.org/dtd/hibernate-mapping-3.0.dtd">
<!-- Generated 14 Jul, 2015 11:33:46 PM by Hibernate Tools 4.3.1 -->
<hibernate-mapping>
    <class name="com.hp.j2sh.project.entity.AllUsers" table="all_users" catalog="backslash">
        <id name="userId" type="java.lang.Integer">
            <column name="user_id" />
            <generator class="identity"></generator>
        </id>
        <property name="username" type="string">
            <column name="username" length="25" not-null="true" unique="true" />
        </property>
        <property name="password" type="string">
            <column name="password" length="25" not-null="true" />
        </property>
        <one-to-one name="userEducationalDetails" class="com.hp.j2sh.project.entity.UserEducationalDetails" cascade="all"></one-to-one>
        <one-to-one name="userOtherDetails" class="com.hp.j2sh.project.entity.UserOtherDetails" cascade="all"></one-to-one>
        <one-to-one name="userPersonalDetails" class="com.hp.j2sh.project.entity.UserPersonalDetails" cascade="all"></one-to-one>
        <one-to-one name="userWorkDetails" class="com.hp.j2sh.project.entity.UserWorkDetails" cascade="all"></one-to-one>
        <set name="allCommunities" table="all_communities" inverse="true" lazy="true" fetch="select">
            <key>
                <column name="admin_id" not-null="true" />
            </key>
            <one-to-many class="com.hp.j2sh.project.entity.AllCommunities" />
        </set>
    </class>
</hibernate-mapping>
